identifier,file_modUserEmail,file_modDate,file_mimeType,file_lastModifiedTime,file_createDate,file_size,file_filename,file_createUserEmail,file_title,file_folderId
100004,system@vosao.org,Thu Mar 13 09:32:44 CET 2014,image/jpeg,Thu Mar 13 09:32:44 CET 2014,Thu Mar 13 09:32:44 CET 2014,5838,bg.jpg,system@vosao.org,bg.jpg,120002
100006,system@vosao.org,Thu Mar 13 09:32:46 CET 2014,image/png,Thu Mar 13 09:32:46 CET 2014,Thu Mar 13 09:32:46 CET 2014,4401,social_email.png,system@vosao.org,social_email.png,120002
100008,system@vosao.org,Thu Mar 13 09:32:48 CET 2014,image/gif,Thu Mar 13 09:32:48 CET 2014,Thu Mar 13 09:32:48 CET 2014,1507,rss.gif,system@vosao.org,rss.gif,120002
100012,system@vosao.org,Thu Mar 13 09:32:52 CET 2014,image/jpeg,Thu Mar 13 09:32:52 CET 2014,Thu Mar 13 09:32:52 CET 2014,20750,snow-landscape-wallpaper.jpg,system@vosao.org,snow-landscape-wallpaper.jpg,10010
10003,system@vosao.org,Thu Mar 13 09:32:42 CET 2014,text/css,Thu Mar 13 09:32:42 CET 2014,Thu Mar 13 09:32:42 CET 2014,197,screen.css,system@vosao.org,screen.css,80002
10005,system@vosao.org,Thu Mar 13 09:32:45 CET 2014,image/png,Thu Mar 13 09:32:45 CET 2014,Thu Mar 13 09:32:45 CET 2014,732,facebook_32.png,system@vosao.org,facebook_32.png,120002
10007,system@vosao.org,Thu Mar 13 09:32:47 CET 2014,image/jpeg,Thu Mar 13 09:32:47 CET 2014,Thu Mar 13 09:32:47 CET 2014,19797,img-post.jpg,system@vosao.org,img-post.jpg,120002
10009,system@vosao.org,Thu Mar 13 09:32:49 CET 2014,image/gif,Thu Mar 13 09:32:49 CET 2014,Thu Mar 13 09:32:49 CET 2014,963,comment.gif,system@vosao.org,comment.gif,120002
110002,system@vosao.org,Thu Mar 13 09:32:43 CET 2014,image/png,Thu Mar 13 09:32:43 CET 2014,Thu Mar 13 09:32:43 CET 2014,4642,social_facebook.png,system@vosao.org,social_facebook.png,120002
110004,system@vosao.org,Thu Mar 13 09:32:45 CET 2014,image/png,Thu Mar 13 09:32:45 CET 2014,Thu Mar 13 09:32:45 CET 2014,6199,social_rss.png,system@vosao.org,social_rss.png,120002
120001,system@vosao.org,Thu Mar 13 09:32:41 CET 2014,text/css,Thu Mar 13 09:32:41 CET 2014,Thu Mar 13 09:32:41 CET 2014,996,reset.css,system@vosao.org,reset.css,80002
120004,system@vosao.org,Thu Mar 13 09:32:45 CET 2014,image/png,Thu Mar 13 09:32:45 CET 2014,Thu Mar 13 09:32:45 CET 2014,683,twitter_32.png,system@vosao.org,twitter_32.png,120002
120006,system@vosao.org,Thu Mar 13 09:32:47 CET 2014,image/gif,Thu Mar 13 09:32:47 CET 2014,Thu Mar 13 09:32:47 CET 2014,97,speech_bubble.gif,system@vosao.org,speech_bubble.gif,120002
120007,system@vosao.org,Thu Mar 13 09:32:48 CET 2014,image/jpeg,Thu Mar 13 09:32:48 CET 2014,Thu Mar 13 09:32:48 CET 2014,350,thumb.jpg,system@vosao.org,thumb.jpg,120002
120008,system@vosao.org,Thu Mar 13 09:32:48 CET 2014,image/gif,Thu Mar 13 09:32:48 CET 2014,Thu Mar 13 09:32:48 CET 2014,351,current.gif,system@vosao.org,current.gif,120002
130002,system@vosao.org,Thu Mar 13 09:32:43 CET 2014,image/png,Thu Mar 13 09:32:43 CET 2014,Thu Mar 13 09:32:43 CET 2014,831,digg_32.png,system@vosao.org,digg_32.png,120002
130004,system@vosao.org,Thu Mar 13 09:32:46 CET 2014,image/gif,Thu Mar 13 09:32:46 CET 2014,Thu Mar 13 09:32:46 CET 2014,261,quote.gif,system@vosao.org,quote.gif,120002
140001,system@vosao.org,Thu Mar 13 09:32:43 CET 2014,image/gif,Thu Mar 13 09:32:43 CET 2014,Thu Mar 13 09:32:43 CET 2014,329,permalink.gif,system@vosao.org,permalink.gif,120002
140003,system@vosao.org,Thu Mar 13 09:32:46 CET 2014,image/gif,Thu Mar 13 09:32:46 CET 2014,Thu Mar 13 09:32:46 CET 2014,122,bg.gif,system@vosao.org,bg.gif,120002
20004,system@vosao.org,Thu Mar 13 09:32:45 CET 2014,image/gif,Thu Mar 13 09:32:45 CET 2014,Thu Mar 13 09:32:45 CET 2014,947,user.gif,system@vosao.org,user.gif,120002
30004,system@vosao.org,Thu Mar 13 09:32:44 CET 2014,image/png,Thu Mar 13 09:32:44 CET 2014,Thu Mar 13 09:32:44 CET 2014,981,newsvine_32.png,system@vosao.org,newsvine_32.png,120002
30006,system@vosao.org,Thu Mar 13 09:32:46 CET 2014,image/png,Thu Mar 13 09:32:46 CET 2014,Thu Mar 13 09:32:46 CET 2014,1243,technorati_32.png,system@vosao.org,technorati_32.png,120002
30007,system@vosao.org,Thu Mar 13 09:32:48 CET 2014,image/png,Thu Mar 13 09:32:48 CET 2014,Thu Mar 13 09:32:48 CET 2014,1271,rss_32.png,system@vosao.org,rss_32.png,120002
40003,system@vosao.org,Thu Mar 13 09:32:42 CET 2014,text/css,Thu Mar 13 09:32:42 CET 2014,Thu Mar 13 09:32:42 CET 2014,19765,coolblue.css,system@vosao.org,coolblue.css,80002
40005,system@vosao.org,Thu Mar 13 09:32:45 CET 2014,image/png,Thu Mar 13 09:32:45 CET 2014,Thu Mar 13 09:32:45 CET 2014,5676,social_twitter.png,system@vosao.org,social_twitter.png,120002
40007,system@vosao.org,Thu Mar 13 09:32:47 CET 2014,image/png,Thu Mar 13 09:32:47 CET 2014,Thu Mar 13 09:32:47 CET 2014,1005,linkedin_32.png,system@vosao.org,linkedin_32.png,120002
40009,system@vosao.org,Thu Mar 13 09:32:48 CET 2014,image/gif,Thu Mar 13 09:32:48 CET 2014,Thu Mar 13 09:32:48 CET 2014,109,content.gif,system@vosao.org,content.gif,120002
5,system@vosao.org,Thu Mar 13 09:32:44 CET 2014,image/gif,Thu Mar 13 09:32:44 CET 2014,Thu Mar 13 09:32:44 CET 2014,994,tag.gif,system@vosao.org,tag.gif,120002
50003,system@vosao.org,Thu Mar 13 09:32:43 CET 2014,image/gif,Thu Mar 13 09:32:43 CET 2014,Thu Mar 13 09:32:43 CET 2014,1401,search.gif,system@vosao.org,search.gif,120002
50005,system@vosao.org,Thu Mar 13 09:32:45 CET 2014,image/jpeg,Thu Mar 13 09:32:45 CET 2014,Thu Mar 13 09:32:45 CET 2014,1118,gravatar.jpg,system@vosao.org,gravatar.jpg,120002
60005,system@vosao.org,Thu Mar 13 09:32:44 CET 2014,image/gif,Thu Mar 13 09:32:44 CET 2014,Thu Mar 13 09:32:44 CET 2014,2211,date-bg.gif,system@vosao.org,date-bg.gif,120002
60007,system@vosao.org,Thu Mar 13 09:32:47 CET 2014,image/gif,Thu Mar 13 09:32:47 CET 2014,Thu Mar 13 09:32:47 CET 2014,207,clock.gif,system@vosao.org,clock.gif,120002
60009,system@vosao.org,Thu Mar 13 09:32:54 CET 2014,image/jpeg,Thu Mar 13 09:32:54 CET 2014,Thu Mar 13 09:32:54 CET 2014,33960,grass.jpg,system@vosao.org,grass.jpg,120012
7,system@vosao.org,Thu Mar 13 09:32:46 CET 2014,image/png,Thu Mar 13 09:32:46 CET 2014,Thu Mar 13 09:32:46 CET 2014,771,email_32.png,system@vosao.org,email_32.png,120002
70002,system@vosao.org,Thu Mar 13 09:32:42 CET 2014,text/css,Thu Mar 13 09:32:42 CET 2014,Thu Mar 13 09:32:42 CET 2014,1280,enhancements.css,system@vosao.org,enhancements.css,80002
70004,system@vosao.org,Thu Mar 13 09:32:45 CET 2014,image/jpeg,Thu Mar 13 09:32:45 CET 2014,Thu Mar 13 09:32:45 CET 2014,723,current.jpg,system@vosao.org,current.jpg,120002
70006,system@vosao.org,Thu Mar 13 09:32:47 CET 2014,image/png,Thu Mar 13 09:32:47 CET 2014,Thu Mar 13 09:32:47 CET 2014,698,delicious_32.png,system@vosao.org,delicious_32.png,120002
70008,system@vosao.org,Thu Mar 13 09:32:49 CET 2014,image/png,Thu Mar 13 09:32:49 CET 2014,Thu Mar 13 09:32:49 CET 2014,10522,header-bg.png,system@vosao.org,header-bg.png,120002
80004,system@vosao.org,Thu Mar 13 09:32:44 CET 2014,image/gif,Thu Mar 13 09:32:44 CET 2014,Thu Mar 13 09:32:44 CET 2014,93,document.gif,system@vosao.org,document.gif,120002
80006,system@vosao.org,Thu Mar 13 09:32:46 CET 2014,image/gif,Thu Mar 13 09:32:46 CET 2014,Thu Mar 13 09:32:46 CET 2014,44,footer-line.gif,system@vosao.org,footer-line.gif,120002
80008,system@vosao.org,Thu Mar 13 09:32:48 CET 2014,image/jpeg,Thu Mar 13 09:32:48 CET 2014,Thu Mar 13 09:32:48 CET 2014,3550,firefox-gray.jpg,system@vosao.org,firefox-gray.jpg,120002
90004,system@vosao.org,Thu Mar 13 09:32:44 CET 2014,image/png,Thu Mar 13 09:32:44 CET 2014,Thu Mar 13 09:32:44 CET 2014,866,stumbleupon_32.png,system@vosao.org,stumbleupon_32.png,120002
90006,system@vosao.org,Thu Mar 13 09:32:47 CET 2014,image/jpeg,Thu Mar 13 09:32:47 CET 2014,Thu Mar 13 09:32:47 CET 2014,1823,header-bg.jpg,system@vosao.org,header-bg.jpg,120002
