"Id","OwnerId","IsDeleted","Name","CreatedDate","CreatedById","LastModifiedDate","LastModifiedById","SystemModstamp","page_skipPostProcessing__c","page_modDate__c","page_createDate__c","page_cached__c","page_versionTitle__c","page_publishDate__c","page_friendlyURL__c","page_pageType__c","page_velocityProcessing__c","page_sortIndex__c","page_attributes__c","page_title__c","page_wikiProcessing__c","page_parentUrl__c","page_keywords__c","page_contentType__c","page_commentsEnabled__c","page_modUserEmail__c","page_enableCkeditor__c","PageEntityidentifier__c","page_restful__c","page_structureTemplateId__c","page_endPublishDate__c","page_headHtml__c","page_state__c","page_createUserEmail__c","page_version__c","page_description__c","page_template__c","page_searchable__c","page_structureId__c"
"aAEG0000000KymrOAC","005A0000000p3ZeIAI","0","aAEG0000000Kymr","2014-04-15 06:53:14","005A0000000p3ZeIAI","2014-04-15 06:53:14","005A0000000p3ZeIAI","2014-04-15 06:53:14","0","Mon Aug 09 22:07:57 CEST 2010","Wed Jun 16 14:46:40 CEST 2010","1","New page","Wed Jun 16 02:00:00 CEST 2010","/blog","SIMPLE","0","4","","<Text: {""en"":""Blog""}>","0","/","<Text: >","","0","system@vosao.org","1","10","0","","","<Text: >","APPROVED","system@vosao.org","1","<Text: >","20001","1",""
"aAEG0000000KymsOAC","005A0000000p3ZeIAI","0","aAEG0000000Kyms","2014-04-15 06:53:14","005A0000000p3ZeIAI","2014-04-15 06:53:14","005A0000000p3ZeIAI","2014-04-15 06:53:14","0","Mon Aug 09 22:07:56 CEST 2010","Fri Jun 18 08:52:04 CEST 2010","1","New page","Wed Apr 07 02:00:00 CEST 2010","/blog/test-7","STRUCTURED","0","9","","<Text: {""en"":""Test 7""}>","0","/blog","<Text: >","","0","system@vosao.org","1","120014","0","130007","","<Text: >","APPROVED","system@vosao.org","1","<Text: >","20006","1","140005"
"aAEG0000000KymtOAC","005A0000000p3ZeIAI","0","aAEG0000000Kymt","2014-04-15 06:53:14","005A0000000p3ZeIAI","2014-04-15 06:53:14","005A0000000p3ZeIAI","2014-04-15 06:53:14","0","Fri Feb 11 22:17:02 CET 2011","Sun Jun 13 20:32:04 CEST 2010","0","CoolBlue Home","Sun Jun 13 02:00:00 CEST 2010","/","SIMPLE","1","0","","<Text: {""en"":""Home page""}>","0","","<Text: >","","0","kinyelo@gmail.com","0","100019","0","","","<Text: <script type=""text/javascript"">   $(function() {     $('#nav ul li:nth...>","APPROVED","system@vosao.org","2","<Text: >","20006","0","140005"
"aAEG0000000KymuOAC","005A0000000p3ZeIAI","0","aAEG0000000Kymu","2014-04-15 06:53:14","005A0000000p3ZeIAI","2014-04-15 06:53:14","005A0000000p3ZeIAI","2014-04-15 06:53:14","0","Sat Nov 27 12:31:19 CET 2010","Sat Aug 14 07:39:18 CEST 2010","1","New page","Sat Aug 14 07:39:00 CEST 2010","/blog/_default","STRUCTURED","0","0","","<Text: {en:""Children default settings""}>","0","/blog","<Text: >","","1","","1","90008","0","130007","","<Text: >","EDIT","system@vosao.org","1","<Text: >","20006","1","140005"
"aAEG0000000KymvOAC","005A0000000p3ZeIAI","0","aAEG0000000Kymv","2014-04-15 06:53:14","005A0000000p3ZeIAI","2014-04-15 06:53:14","005A0000000p3ZeIAI","2014-04-15 06:53:14","0","Mon Aug 09 22:07:57 CEST 2010","Sun Jun 13 21:29:38 CEST 2010","1","New page","Sun Jun 13 02:00:00 CEST 2010","/about","SIMPLE","1","3","","<Text: {""en"":""About""}>","0","/","<Text: >","","0","system@vosao.org","1","50011","0","","","<Text: <script type=""text/javascript"">   $(function() {     $('#nav ul li:nth...>","APPROVED","system@vosao.org","1","<Text: >","20006","1","140005"
"aAEG0000000KymwOAC","005A0000000p3ZeIAI","0","aAEG0000000Kymw","2014-04-15 06:53:14","005A0000000p3ZeIAI","2014-04-15 06:53:14","005A0000000p3ZeIAI","2014-04-15 06:53:14","0","Mon Aug 09 22:07:55 CEST 2010","Fri Jun 18 08:51:57 CEST 2010","1","New page","Tue Apr 06 02:00:00 CEST 2010","/blog/test-6","STRUCTURED","0","8","","<Text: {""en"":""Test 6""}>","0","/blog","<Text: >","","0","system@vosao.org","1","80013","0","130007","","<Text: >","APPROVED","system@vosao.org","1","<Text: >","20006","1","140005"
"aAEG0000000KymxOAC","005A0000000p3ZeIAI","0","aAEG0000000Kymx","2014-04-15 06:53:14","005A0000000p3ZeIAI","2014-04-15 06:53:14","005A0000000p3ZeIAI","2014-04-15 06:53:14","0","Mon Aug 09 22:07:56 CEST 2010","Sat Jun 19 11:25:05 CEST 2010","0","New page","Sat Jun 19 02:00:00 CEST 2010","/tags","SIMPLE","1","7","","<Text: {""en"":""Tags""}>","0","/","<Text: >","","0","system@vosao.org","1","70012","0","","","<Text: <script type=""text/javascript"">   $(function() {     $('#nav ul li:nth...>","APPROVED","system@vosao.org","1","<Text: >","20006","1","140005"
"aAEG0000000KymyOAC","005A0000000p3ZeIAI","0","aAEG0000000Kymy","2014-04-15 06:53:14","005A0000000p3ZeIAI","2014-04-15 06:53:14","005A0000000p3ZeIAI","2014-04-15 06:53:14","0","Fri Feb 11 22:18:19 CET 2011","Sun Jun 13 20:14:18 CEST 2010","1","New page","Sun Jun 13 02:00:00 CEST 2010","/login","SIMPLE","0","0","","<Text: {""en"":""Site user Login""}>","0","/","<Text: >","","0","kinyelo@gmail.com","0","20002","0","","","<Text: >","APPROVED","system@vosao.org","1","<Text: >","20001","0","140005"
"aAEG0000000KymzOAC","005A0000000p3ZeIAI","0","aAEG0000000Kymz","2014-04-15 06:53:14","005A0000000p3ZeIAI","2014-04-15 06:53:14","005A0000000p3ZeIAI","2014-04-15 06:53:14","0","Mon Aug 09 22:07:55 CEST 2010","Fri Jun 18 08:52:12 CEST 2010","1","New page","Thu Apr 08 02:00:00 CEST 2010","/blog/test-8","STRUCTURED","0","10","","<Text: {""en"":""Test 8""}>","0","/blog","<Text: >","","0","system@vosao.org","1","50008","0","130007","","<Text: >","APPROVED","system@vosao.org","1","<Text: >","20006","1","140005"
"aAEG0000000Kyn0OAC","005A0000000p3ZeIAI","0","aAEG0000000Kyn0","2014-04-15 06:53:14","005A0000000p3ZeIAI","2014-04-15 06:53:14","005A0000000p3ZeIAI","2014-04-15 06:53:14","0","Mon Aug 09 22:07:57 CEST 2010","Fri Jun 18 08:52:20 CEST 2010","1","New page","Fri Apr 09 02:00:00 CEST 2010","/blog/test-9","STRUCTURED","0","11","","<Text: {""en"":""Test 9""}>","0","/blog","<Text: >","","0","system@vosao.org","1","80012","0","130007","","<Text: >","APPROVED","system@vosao.org","1","<Text: >","20006","1","140005"
"aAEG0000000Kyn1OAC","005A0000000p3ZeIAI","0","aAEG0000000Kyn1","2014-04-15 06:53:14","005A0000000p3ZeIAI","2014-04-15 06:53:14","005A0000000p3ZeIAI","2014-04-15 06:53:14","0","Mon Aug 09 22:07:55 CEST 2010","Sun Jun 13 20:14:18 CEST 2010","1","New page","Sun Jun 13 02:00:00 CEST 2010","/","SIMPLE","0","0","","<Text: {""en"":""Home page""}>","0","","<Text: >","","0","system@vosao.org","1","30002","0","","","<Text: >","APPROVED","system@vosao.org","1","<Text: >","20001","1",""
"aAEG0000000Kyn2OAC","005A0000000p3ZeIAI","0","aAEG0000000Kyn2","2014-04-15 06:53:14","005A0000000p3ZeIAI","2014-04-15 06:53:14","005A0000000p3ZeIAI","2014-04-15 06:53:14","0","Sun Dec 25 08:19:06 CET 2011","Wed Jun 16 15:08:35 CEST 2010","1","New page","Wed Jun 16 02:00:00 CEST 2010","/blog/congratulations","STRUCTURED","0","2","","<Text: {en:""Congratulations!""}>","0","/blog","<Text: >","","1","admin@test.com","1","140007","0","130007","","<Text: >","APPROVED","system@vosao.org","1","<Text: >","20006","1","140005"
"aAEG0000000Kyn3OAC","005A0000000p3ZeIAI","0","aAEG0000000Kyn3","2014-04-15 06:53:14","005A0000000p3ZeIAI","2014-04-15 06:53:14","005A0000000p3ZeIAI","2014-04-15 06:53:14","0","Fri Feb 11 22:59:48 CET 2011","Sun Jun 13 20:14:18 CEST 2010","1","New page","Sun Jun 13 02:00:00 CEST 2010","/search","SIMPLE","0","1","","<Text: {en:""Search""}>","0","/","<Text: >","","0","kinyelo@gmail.com","0","40002","0","","","<Text: >","APPROVED","system@vosao.org","1","<Text: >","20006","1","140005"
"aAEG0000000Kyn4OAC","005A0000000p3ZeIAI","0","aAEG0000000Kyn4","2014-04-15 06:53:14","005A0000000p3ZeIAI","2014-04-15 06:53:14","005A0000000p3ZeIAI","2014-04-15 06:53:14","0","Mon Aug 09 22:07:56 CEST 2010","Wed Jun 16 14:51:34 CEST 2010","1","New page","Tue Jun 01 02:00:00 CEST 2010","/blog/aliquam-risus-justo","STRUCTURED","0","1","","<Text: {""en"":""Deploying on AppSpot.com""}>","0","/blog","<Text: >","","1","system@vosao.org","1","40011","0","130007","","<Text: >","APPROVED","system@vosao.org","1","<Text: >","20006","1","140005"
"aAEG0000000Kyn5OAC","005A0000000p3ZeIAI","0","aAEG0000000Kyn5","2014-04-15 06:53:14","005A0000000p3ZeIAI","2014-04-15 06:53:14","005A0000000p3ZeIAI","2014-04-15 06:53:14","0","Fri Feb 11 22:19:03 CET 2011","Fri Feb 11 22:19:03 CET 2011","1","New page","Fri Feb 11 22:19:03 CET 2011","/_default","SIMPLE","0","0","","<Text: {""en"":""Children default settings""}>","0","/","<Text: >","","0","kinyelo@gmail.com","1","100018","0","","","<Text: >","EDIT","system@vosao.org","1","<Text: >","","1",""
"aAEG0000000Kyn6OAC","005A0000000p3ZeIAI","0","aAEG0000000Kyn6","2014-04-15 06:53:14","005A0000000p3ZeIAI","2014-04-15 06:53:14","005A0000000p3ZeIAI","2014-04-15 06:53:14","0","Mon Aug 09 22:07:58 CEST 2010","Fri Jun 18 08:52:26 CEST 2010","1","New page","Sat Apr 10 02:00:00 CEST 2010","/blog/test-10","STRUCTURED","0","12","","<Text: {""en"":""Test 10""}>","0","/blog","<Text: >","","0","system@vosao.org","1","120013","0","130007","","<Text: >","APPROVED","system@vosao.org","1","<Text: >","20006","1","140005"
"aAEG0000000Kyn7OAC","005A0000000p3ZeIAI","0","aAEG0000000Kyn7","2014-04-15 06:53:14","005A0000000p3ZeIAI","2014-04-15 06:53:14","005A0000000p3ZeIAI","2014-04-15 06:53:14","0","Mon Aug 09 22:07:56 CEST 2010","Fri Jun 18 08:51:30 CEST 2010","1","New page","Fri Apr 02 02:00:00 CEST 2010","/blog/test-2","STRUCTURED","0","4","","<Text: {""en"":""Test 2""}>","0","/blog","<Text: >","","0","system@vosao.org","1","50010","0","130007","","<Text: >","APPROVED","system@vosao.org","1","<Text: >","20006","1","140005"
"aAEG0000000Kyn8OAC","005A0000000p3ZeIAI","0","aAEG0000000Kyn8","2014-04-15 06:53:14","005A0000000p3ZeIAI","2014-04-15 06:53:14","005A0000000p3ZeIAI","2014-04-15 06:53:14","0","Mon Aug 09 22:07:56 CEST 2010","Thu Jun 17 11:10:59 CEST 2010","1","New page","Thu Jun 17 02:00:00 CEST 2010","/support","SIMPLE","0","6","","<Text: {""en"":""Support""}>","0","/","<Text: >","","0","system@vosao.org","1","10014","0","","","<Text: <script type=""text/javascript"">   $(function() {     $('#nav ul li:nth...>","APPROVED","system@vosao.org","1","<Text: >","20006","1","140005"
"aAEG0000000Kyn9OAC","005A0000000p3ZeIAI","0","aAEG0000000Kyn9","2014-04-15 06:53:14","005A0000000p3ZeIAI","2014-04-15 06:53:14","005A0000000p3ZeIAI","2014-04-15 06:53:14","0","Mon Aug 09 22:07:54 CEST 2010","Fri Jun 18 08:51:43 CEST 2010","1","New page","Sun Apr 04 02:00:00 CEST 2010","/blog/test-4","STRUCTURED","0","6","","<Text: {""en"":""Test 4""}>","0","/blog","<Text: >","","0","system@vosao.org","1","120015","0","130007","","<Text: >","APPROVED","system@vosao.org","1","<Text: >","20006","1","140005"
"aAEG0000000KynAOAS","005A0000000p3ZeIAI","0","aAEG0000000KynA","2014-04-15 06:53:14","005A0000000p3ZeIAI","2014-04-15 06:53:14","005A0000000p3ZeIAI","2014-04-15 06:53:14","0","Mon Aug 09 22:07:55 CEST 2010","Sun Jun 13 20:59:37 CEST 2010","1","New page","Sun Jun 13 02:00:00 CEST 2010","/include/sidebar","SIMPLE","0","0","","<Text: {""en"":""Sidebar""}>","0","/include","<Text: >","","0","system@vosao.org","1","110009","0","","","<Text: >","APPROVED","system@vosao.org","1","<Text: >","20001","1",""
"aAEG0000000KynBOAS","005A0000000p3ZeIAI","0","aAEG0000000KynB","2014-04-15 06:53:14","005A0000000p3ZeIAI","2014-04-15 06:53:14","005A0000000p3ZeIAI","2014-04-15 06:53:14","0","Mon Aug 09 22:07:55 CEST 2010","Thu Jun 17 11:01:13 CEST 2010","0","New page","Thu Jun 17 02:00:00 CEST 2010","/archives","SIMPLE","1","5","","<Text: {""en"":""Archives""}>","0","/","<Text: >","","0","system@vosao.org","1","20010","0","","","<Text: <script type=""text/javascript"">   $(function() {     $('#nav ul li:nth...>","APPROVED","system@vosao.org","1","<Text: >","20006","0","140005"
"aAEG0000000KynCOAS","005A0000000p3ZeIAI","0","aAEG0000000KynC","2014-04-15 06:53:14","005A0000000p3ZeIAI","2014-04-15 06:53:14","005A0000000p3ZeIAI","2014-04-15 06:53:14","0","Mon Aug 09 22:07:56 CEST 2010","Fri Jun 18 08:51:36 CEST 2010","1","New page","Sat Apr 03 02:00:00 CEST 2010","/blog/test-3","STRUCTURED","0","5","","<Text: {""en"":""Test 3""}>","0","/blog","<Text: >","","0","system@vosao.org","1","80014","0","130007","","<Text: >","APPROVED","system@vosao.org","1","<Text: >","20006","1","140005"
"aAEG0000000KynDOAS","005A0000000p3ZeIAI","0","aAEG0000000KynD","2014-04-15 06:53:14","005A0000000p3ZeIAI","2014-04-15 06:53:14","005A0000000p3ZeIAI","2014-04-15 06:53:14","0","Mon Aug 09 22:07:57 CEST 2010","Fri Jun 18 08:51:50 CEST 2010","1","New page","Mon Apr 05 02:00:00 CEST 2010","/blog/test-5","STRUCTURED","0","7","","<Text: {""en"":""Test 5""}>","0","/blog","<Text: >","","0","system@vosao.org","1","50009","0","130007","","<Text: >","APPROVED","system@vosao.org","1","<Text: >","20006","1","140005"
"aAEG0000000KynEOAS","005A0000000p3ZeIAI","0","aAEG0000000KynE","2014-04-15 06:53:14","005A0000000p3ZeIAI","2014-04-15 06:53:14","005A0000000p3ZeIAI","2014-04-15 06:53:14","0","Mon Aug 09 22:07:55 CEST 2010","Fri Jun 18 08:51:21 CEST 2010","1","New page","Thu Apr 01 02:00:00 CEST 2010","/blog/test--1","STRUCTURED","0","3","","<Text: {""en"":""Test #1""}>","0","/blog","<Text: >","","0","system@vosao.org","1","120016","0","130007","","<Text: >","APPROVED","system@vosao.org","1","<Text: >","20006","1","140005"
"aAEG0000000KynFOAS","005A0000000p3ZeIAI","0","aAEG0000000KynF","2014-04-15 06:53:14","005A0000000p3ZeIAI","2014-04-15 06:53:14","005A0000000p3ZeIAI","2014-04-15 06:53:14","0","Mon Aug 09 22:07:57 CEST 2010","Sun Jun 13 20:59:26 CEST 2010","1","New page","Sun Jun 13 02:00:00 CEST 2010","/include","SIMPLE","0","2","","<Text: {""en"":""Include""}>","0","/","<Text: >","","0","system@vosao.org","1","140009","0","","","<Text: >","APPROVED","system@vosao.org","1","<Text: >","20001","1",""
"aAEG0000000KynGOAS","005A0000000p3ZeIAI","0","aAEG0000000KynG","2014-04-15 06:53:14","005A0000000p3ZeIAI","2014-04-15 06:53:14","005A0000000p3ZeIAI","2014-04-15 06:53:14","0","Mon Aug 09 22:07:58 CEST 2010","Wed Jun 16 14:47:22 CEST 2010","1","New page","Sat May 01 02:00:00 CEST 2010","/blog/lorem-ipsum-dolor-sit-amet","STRUCTURED","0","0","","<Text: {""en"":""First steps""}>","0","/blog","<Text: >","","1","system@vosao.org","1","40013","0","130007","","<Text: >","APPROVED","system@vosao.org","1","<Text: >","20006","1","140005"
