"Id","OwnerId","IsDeleted","Name","CreatedDate","CreatedById","LastModifiedDate","LastModifiedById","SystemModstamp","file_size__c","file_mimeType__c","file_modUserEmail__c","file_lastModifiedTime__c","file_createDate__c","file_modDate__c","file_folderId__c","FileEntityidentifier__c","file_filename__c","file_title__c","file_createUserEmail__c"
"aABG0000000GmanOAC","005A0000000p3ZeIAI","0","aABG0000000Gman","2014-04-15 06:53:11","005A0000000p3ZeIAI","2014-04-15 06:53:11","005A0000000p3ZeIAI","2014-04-15 06:53:11","994","image/gif","system@vosao.org","Thu Mar 13 09:32:44 CET 2014","Thu Mar 13 09:32:44 CET 2014","Thu Mar 13 09:32:44 CET 2014","120002","5","tag.gif","tag.gif","system@vosao.org"
"aABG0000000GmaoOAC","005A0000000p3ZeIAI","0","aABG0000000Gmao","2014-04-15 06:53:11","005A0000000p3ZeIAI","2014-04-15 06:53:11","005A0000000p3ZeIAI","2014-04-15 06:53:11","981","image/png","system@vosao.org","Thu Mar 13 09:32:44 CET 2014","Thu Mar 13 09:32:44 CET 2014","Thu Mar 13 09:32:44 CET 2014","120002","30004","newsvine_32.png","newsvine_32.png","system@vosao.org"
"aABG0000000GmapOAC","005A0000000p3ZeIAI","0","aABG0000000Gmap","2014-04-15 06:53:11","005A0000000p3ZeIAI","2014-04-15 06:53:11","005A0000000p3ZeIAI","2014-04-15 06:53:11","19765","text/css","system@vosao.org","Thu Mar 13 09:32:42 CET 2014","Thu Mar 13 09:32:42 CET 2014","Thu Mar 13 09:32:42 CET 2014","80002","40003","coolblue.css","coolblue.css","system@vosao.org"
"aABG0000000GmaqOAC","005A0000000p3ZeIAI","0","aABG0000000Gmaq","2014-04-15 06:53:11","005A0000000p3ZeIAI","2014-04-15 06:53:11","005A0000000p3ZeIAI","2014-04-15 06:53:11","350","image/jpeg","system@vosao.org","Thu Mar 13 09:32:48 CET 2014","Thu Mar 13 09:32:48 CET 2014","Thu Mar 13 09:32:48 CET 2014","120002","120007","thumb.jpg","thumb.jpg","system@vosao.org"
"aABG0000000GmarOAC","005A0000000p3ZeIAI","0","aABG0000000Gmar","2014-04-15 06:53:11","005A0000000p3ZeIAI","2014-04-15 06:53:11","005A0000000p3ZeIAI","2014-04-15 06:53:11","33960","image/jpeg","system@vosao.org","Thu Mar 13 09:32:54 CET 2014","Thu Mar 13 09:32:54 CET 2014","Thu Mar 13 09:32:54 CET 2014","120012","60009","grass.jpg","grass.jpg","system@vosao.org"
"aABG0000000GmasOAC","005A0000000p3ZeIAI","0","aABG0000000Gmas","2014-04-15 06:53:11","005A0000000p3ZeIAI","2014-04-15 06:53:11","005A0000000p3ZeIAI","2014-04-15 06:53:11","1243","image/png","system@vosao.org","Thu Mar 13 09:32:46 CET 2014","Thu Mar 13 09:32:46 CET 2014","Thu Mar 13 09:32:46 CET 2014","120002","30006","technorati_32.png","technorati_32.png","system@vosao.org"
"aABG0000000GmatOAC","005A0000000p3ZeIAI","0","aABG0000000Gmat","2014-04-15 06:53:11","005A0000000p3ZeIAI","2014-04-15 06:53:11","005A0000000p3ZeIAI","2014-04-15 06:53:11","197","text/css","system@vosao.org","Thu Mar 13 09:32:42 CET 2014","Thu Mar 13 09:32:42 CET 2014","Thu Mar 13 09:32:42 CET 2014","80002","10003","screen.css","screen.css","system@vosao.org"
"aABG0000000GmauOAC","005A0000000p3ZeIAI","0","aABG0000000Gmau","2014-04-15 06:53:11","005A0000000p3ZeIAI","2014-04-15 06:53:11","005A0000000p3ZeIAI","2014-04-15 06:53:11","109","image/gif","system@vosao.org","Thu Mar 13 09:32:48 CET 2014","Thu Mar 13 09:32:48 CET 2014","Thu Mar 13 09:32:48 CET 2014","120002","40009","content.gif","content.gif","system@vosao.org"
"aABG0000000GmavOAC","005A0000000p3ZeIAI","0","aABG0000000Gmav","2014-04-15 06:53:11","005A0000000p3ZeIAI","2014-04-15 06:53:11","005A0000000p3ZeIAI","2014-04-15 06:53:11","996","text/css","system@vosao.org","Thu Mar 13 09:32:41 CET 2014","Thu Mar 13 09:32:41 CET 2014","Thu Mar 13 09:32:41 CET 2014","80002","120001","reset.css","reset.css","system@vosao.org"
"aABG0000000GmawOAC","005A0000000p3ZeIAI","0","aABG0000000Gmaw","2014-04-15 06:53:11","005A0000000p3ZeIAI","2014-04-15 06:53:11","005A0000000p3ZeIAI","2014-04-15 06:53:11","93","image/gif","system@vosao.org","Thu Mar 13 09:32:44 CET 2014","Thu Mar 13 09:32:44 CET 2014","Thu Mar 13 09:32:44 CET 2014","120002","80004","document.gif","document.gif","system@vosao.org"
"aABG0000000GmaxOAC","005A0000000p3ZeIAI","0","aABG0000000Gmax","2014-04-15 06:53:11","005A0000000p3ZeIAI","2014-04-15 06:53:11","005A0000000p3ZeIAI","2014-04-15 06:53:11","261","image/gif","system@vosao.org","Thu Mar 13 09:32:46 CET 2014","Thu Mar 13 09:32:46 CET 2014","Thu Mar 13 09:32:46 CET 2014","120002","130004","quote.gif","quote.gif","system@vosao.org"
"aABG0000000GmayOAC","005A0000000p3ZeIAI","0","aABG0000000Gmay","2014-04-15 06:53:11","005A0000000p3ZeIAI","2014-04-15 06:53:11","005A0000000p3ZeIAI","2014-04-15 06:53:11","698","image/png","system@vosao.org","Thu Mar 13 09:32:47 CET 2014","Thu Mar 13 09:32:47 CET 2014","Thu Mar 13 09:32:47 CET 2014","120002","70006","delicious_32.png","delicious_32.png","system@vosao.org"
"aABG0000000GmazOAC","005A0000000p3ZeIAI","0","aABG0000000Gmaz","2014-04-15 06:53:11","005A0000000p3ZeIAI","2014-04-15 06:53:11","005A0000000p3ZeIAI","2014-04-15 06:53:11","1507","image/gif","system@vosao.org","Thu Mar 13 09:32:48 CET 2014","Thu Mar 13 09:32:48 CET 2014","Thu Mar 13 09:32:48 CET 2014","120002","100008","rss.gif","rss.gif","system@vosao.org"
"aABG0000000Gmb0OAC","005A0000000p3ZeIAI","0","aABG0000000Gmb0","2014-04-15 06:53:11","005A0000000p3ZeIAI","2014-04-15 06:53:11","005A0000000p3ZeIAI","2014-04-15 06:53:11","2211","image/gif","system@vosao.org","Thu Mar 13 09:32:44 CET 2014","Thu Mar 13 09:32:44 CET 2014","Thu Mar 13 09:32:44 CET 2014","120002","60005","date-bg.gif","date-bg.gif","system@vosao.org"
"aABG0000000Gmb1OAC","005A0000000p3ZeIAI","0","aABG0000000Gmb1","2014-04-15 06:53:11","005A0000000p3ZeIAI","2014-04-15 06:53:11","005A0000000p3ZeIAI","2014-04-15 06:53:11","866","image/png","system@vosao.org","Thu Mar 13 09:32:44 CET 2014","Thu Mar 13 09:32:44 CET 2014","Thu Mar 13 09:32:44 CET 2014","120002","90004","stumbleupon_32.png","stumbleupon_32.png","system@vosao.org"
"aABG0000000Gmb2OAC","005A0000000p3ZeIAI","0","aABG0000000Gmb2","2014-04-15 06:53:11","005A0000000p3ZeIAI","2014-04-15 06:53:11","005A0000000p3ZeIAI","2014-04-15 06:53:11","771","image/png","system@vosao.org","Thu Mar 13 09:32:46 CET 2014","Thu Mar 13 09:32:46 CET 2014","Thu Mar 13 09:32:46 CET 2014","120002","7","email_32.png","email_32.png","system@vosao.org"
"aABG0000000Gmb3OAC","005A0000000p3ZeIAI","0","aABG0000000Gmb3","2014-04-15 06:53:11","005A0000000p3ZeIAI","2014-04-15 06:53:11","005A0000000p3ZeIAI","2014-04-15 06:53:11","5676","image/png","system@vosao.org","Thu Mar 13 09:32:45 CET 2014","Thu Mar 13 09:32:45 CET 2014","Thu Mar 13 09:32:45 CET 2014","120002","40005","social_twitter.png","social_twitter.png","system@vosao.org"
"aABG0000000Gmb4OAC","005A0000000p3ZeIAI","0","aABG0000000Gmb4","2014-04-15 06:53:11","005A0000000p3ZeIAI","2014-04-15 06:53:11","005A0000000p3ZeIAI","2014-04-15 06:53:11","6199","image/png","system@vosao.org","Thu Mar 13 09:32:45 CET 2014","Thu Mar 13 09:32:45 CET 2014","Thu Mar 13 09:32:45 CET 2014","120002","110004","social_rss.png","social_rss.png","system@vosao.org"
"aABG0000000Gmb5OAC","005A0000000p3ZeIAI","0","aABG0000000Gmb5","2014-04-15 06:53:11","005A0000000p3ZeIAI","2014-04-15 06:53:11","005A0000000p3ZeIAI","2014-04-15 06:53:11","683","image/png","system@vosao.org","Thu Mar 13 09:32:45 CET 2014","Thu Mar 13 09:32:45 CET 2014","Thu Mar 13 09:32:45 CET 2014","120002","120004","twitter_32.png","twitter_32.png","system@vosao.org"
"aABG0000000Gmb6OAC","005A0000000p3ZeIAI","0","aABG0000000Gmb6","2014-04-15 06:53:11","005A0000000p3ZeIAI","2014-04-15 06:53:11","005A0000000p3ZeIAI","2014-04-15 06:53:11","1271","image/png","system@vosao.org","Thu Mar 13 09:32:48 CET 2014","Thu Mar 13 09:32:48 CET 2014","Thu Mar 13 09:32:48 CET 2014","120002","30007","rss_32.png","rss_32.png","system@vosao.org"
"aABG0000000Gmb7OAC","005A0000000p3ZeIAI","0","aABG0000000Gmb7","2014-04-15 06:53:11","005A0000000p3ZeIAI","2014-04-15 06:53:11","005A0000000p3ZeIAI","2014-04-15 06:53:11","329","image/gif","system@vosao.org","Thu Mar 13 09:32:43 CET 2014","Thu Mar 13 09:32:43 CET 2014","Thu Mar 13 09:32:43 CET 2014","120002","140001","permalink.gif","permalink.gif","system@vosao.org"
"aABG0000000Gmb8OAC","005A0000000p3ZeIAI","0","aABG0000000Gmb8","2014-04-15 06:53:11","005A0000000p3ZeIAI","2014-04-15 06:53:11","005A0000000p3ZeIAI","2014-04-15 06:53:11","947","image/gif","system@vosao.org","Thu Mar 13 09:32:45 CET 2014","Thu Mar 13 09:32:45 CET 2014","Thu Mar 13 09:32:45 CET 2014","120002","20004","user.gif","user.gif","system@vosao.org"
"aABG0000000Gmb9OAC","005A0000000p3ZeIAI","0","aABG0000000Gmb9","2014-04-15 06:53:11","005A0000000p3ZeIAI","2014-04-15 06:53:11","005A0000000p3ZeIAI","2014-04-15 06:53:11","44","image/gif","system@vosao.org","Thu Mar 13 09:32:46 CET 2014","Thu Mar 13 09:32:46 CET 2014","Thu Mar 13 09:32:46 CET 2014","120002","80006","footer-line.gif","footer-line.gif","system@vosao.org"
"aABG0000000GmbAOAS","005A0000000p3ZeIAI","0","aABG0000000GmbA","2014-04-15 06:53:11","005A0000000p3ZeIAI","2014-04-15 06:53:11","005A0000000p3ZeIAI","2014-04-15 06:53:11","1280","text/css","system@vosao.org","Thu Mar 13 09:32:42 CET 2014","Thu Mar 13 09:32:42 CET 2014","Thu Mar 13 09:32:42 CET 2014","80002","70002","enhancements.css","enhancements.css","system@vosao.org"
"aABG0000000GmbBOAS","005A0000000p3ZeIAI","0","aABG0000000GmbB","2014-04-15 06:53:11","005A0000000p3ZeIAI","2014-04-15 06:53:11","005A0000000p3ZeIAI","2014-04-15 06:53:11","732","image/png","system@vosao.org","Thu Mar 13 09:32:45 CET 2014","Thu Mar 13 09:32:45 CET 2014","Thu Mar 13 09:32:45 CET 2014","120002","10005","facebook_32.png","facebook_32.png","system@vosao.org"
"aABG0000000GmbCOAS","005A0000000p3ZeIAI","0","aABG0000000GmbC","2014-04-15 06:53:11","005A0000000p3ZeIAI","2014-04-15 06:53:11","005A0000000p3ZeIAI","2014-04-15 06:53:11","5838","image/jpeg","system@vosao.org","Thu Mar 13 09:32:44 CET 2014","Thu Mar 13 09:32:44 CET 2014","Thu Mar 13 09:32:44 CET 2014","120002","100004","bg.jpg","bg.jpg","system@vosao.org"
"aABG0000000GmbDOAS","005A0000000p3ZeIAI","0","aABG0000000GmbD","2014-04-15 06:53:11","005A0000000p3ZeIAI","2014-04-15 06:53:11","005A0000000p3ZeIAI","2014-04-15 06:53:11","10522","image/png","system@vosao.org","Thu Mar 13 09:32:49 CET 2014","Thu Mar 13 09:32:49 CET 2014","Thu Mar 13 09:32:49 CET 2014","120002","70008","header-bg.png","header-bg.png","system@vosao.org"
"aABG0000000GmbEOAS","005A0000000p3ZeIAI","0","aABG0000000GmbE","2014-04-15 06:53:11","005A0000000p3ZeIAI","2014-04-15 06:53:11","005A0000000p3ZeIAI","2014-04-15 06:53:11","97","image/gif","system@vosao.org","Thu Mar 13 09:32:47 CET 2014","Thu Mar 13 09:32:47 CET 2014","Thu Mar 13 09:32:47 CET 2014","120002","120006","speech_bubble.gif","speech_bubble.gif","system@vosao.org"
"aABG0000000GmbFOAS","005A0000000p3ZeIAI","0","aABG0000000GmbF","2014-04-15 06:53:11","005A0000000p3ZeIAI","2014-04-15 06:53:11","005A0000000p3ZeIAI","2014-04-15 06:53:11","20750","image/jpeg","system@vosao.org","Thu Mar 13 09:32:52 CET 2014","Thu Mar 13 09:32:52 CET 2014","Thu Mar 13 09:32:52 CET 2014","10010","100012","snow-landscape-wallpaper.jpg","snow-landscape-wallpaper.jpg","system@vosao.org"
"aABG0000000GmbGOAS","005A0000000p3ZeIAI","0","aABG0000000GmbG","2014-04-15 06:53:11","005A0000000p3ZeIAI","2014-04-15 06:53:11","005A0000000p3ZeIAI","2014-04-15 06:53:11","207","image/gif","system@vosao.org","Thu Mar 13 09:32:47 CET 2014","Thu Mar 13 09:32:47 CET 2014","Thu Mar 13 09:32:47 CET 2014","120002","60007","clock.gif","clock.gif","system@vosao.org"
"aABG0000000GmbHOAS","005A0000000p3ZeIAI","0","aABG0000000GmbH","2014-04-15 06:53:11","005A0000000p3ZeIAI","2014-04-15 06:53:11","005A0000000p3ZeIAI","2014-04-15 06:53:11","351","image/gif","system@vosao.org","Thu Mar 13 09:32:48 CET 2014","Thu Mar 13 09:32:48 CET 2014","Thu Mar 13 09:32:48 CET 2014","120002","120008","current.gif","current.gif","system@vosao.org"
"aABG0000000GmbIOAS","005A0000000p3ZeIAI","0","aABG0000000GmbI","2014-04-15 06:53:11","005A0000000p3ZeIAI","2014-04-15 06:53:11","005A0000000p3ZeIAI","2014-04-15 06:53:11","1823","image/jpeg","system@vosao.org","Thu Mar 13 09:32:47 CET 2014","Thu Mar 13 09:32:47 CET 2014","Thu Mar 13 09:32:47 CET 2014","120002","90006","header-bg.jpg","header-bg.jpg","system@vosao.org"
"aABG0000000GmbJOAS","005A0000000p3ZeIAI","0","aABG0000000GmbJ","2014-04-15 06:53:11","005A0000000p3ZeIAI","2014-04-15 06:53:11","005A0000000p3ZeIAI","2014-04-15 06:53:11","1005","image/png","system@vosao.org","Thu Mar 13 09:32:47 CET 2014","Thu Mar 13 09:32:47 CET 2014","Thu Mar 13 09:32:47 CET 2014","120002","40007","linkedin_32.png","linkedin_32.png","system@vosao.org"
"aABG0000000GmbKOAS","005A0000000p3ZeIAI","0","aABG0000000GmbK","2014-04-15 06:53:11","005A0000000p3ZeIAI","2014-04-15 06:53:11","005A0000000p3ZeIAI","2014-04-15 06:53:11","1401","image/gif","system@vosao.org","Thu Mar 13 09:32:43 CET 2014","Thu Mar 13 09:32:43 CET 2014","Thu Mar 13 09:32:43 CET 2014","120002","50003","search.gif","search.gif","system@vosao.org"
"aABG0000000GmbLOAS","005A0000000p3ZeIAI","0","aABG0000000GmbL","2014-04-15 06:53:11","005A0000000p3ZeIAI","2014-04-15 06:53:11","005A0000000p3ZeIAI","2014-04-15 06:53:11","1118","image/jpeg","system@vosao.org","Thu Mar 13 09:32:45 CET 2014","Thu Mar 13 09:32:45 CET 2014","Thu Mar 13 09:32:45 CET 2014","120002","50005","gravatar.jpg","gravatar.jpg","system@vosao.org"
"aABG0000000GmbMOAS","005A0000000p3ZeIAI","0","aABG0000000GmbM","2014-04-15 06:53:11","005A0000000p3ZeIAI","2014-04-15 06:53:11","005A0000000p3ZeIAI","2014-04-15 06:53:11","122","image/gif","system@vosao.org","Thu Mar 13 09:32:46 CET 2014","Thu Mar 13 09:32:46 CET 2014","Thu Mar 13 09:32:46 CET 2014","120002","140003","bg.gif","bg.gif","system@vosao.org"
"aABG0000000GmbNOAS","005A0000000p3ZeIAI","0","aABG0000000GmbN","2014-04-15 06:53:11","005A0000000p3ZeIAI","2014-04-15 06:53:11","005A0000000p3ZeIAI","2014-04-15 06:53:11","3550","image/jpeg","system@vosao.org","Thu Mar 13 09:32:48 CET 2014","Thu Mar 13 09:32:48 CET 2014","Thu Mar 13 09:32:48 CET 2014","120002","80008","firefox-gray.jpg","firefox-gray.jpg","system@vosao.org"
"aABG0000000GmbOOAS","005A0000000p3ZeIAI","0","aABG0000000GmbO","2014-04-15 06:53:11","005A0000000p3ZeIAI","2014-04-15 06:53:11","005A0000000p3ZeIAI","2014-04-15 06:53:11","831","image/png","system@vosao.org","Thu Mar 13 09:32:43 CET 2014","Thu Mar 13 09:32:43 CET 2014","Thu Mar 13 09:32:43 CET 2014","120002","130002","digg_32.png","digg_32.png","system@vosao.org"
"aABG0000000GmbPOAS","005A0000000p3ZeIAI","0","aABG0000000GmbP","2014-04-15 06:53:11","005A0000000p3ZeIAI","2014-04-15 06:53:11","005A0000000p3ZeIAI","2014-04-15 06:53:11","723","image/jpeg","system@vosao.org","Thu Mar 13 09:32:45 CET 2014","Thu Mar 13 09:32:45 CET 2014","Thu Mar 13 09:32:45 CET 2014","120002","70004","current.jpg","current.jpg","system@vosao.org"
"aABG0000000GmbQOAS","005A0000000p3ZeIAI","0","aABG0000000GmbQ","2014-04-15 06:53:11","005A0000000p3ZeIAI","2014-04-15 06:53:11","005A0000000p3ZeIAI","2014-04-15 06:53:11","19797","image/jpeg","system@vosao.org","Thu Mar 13 09:32:47 CET 2014","Thu Mar 13 09:32:47 CET 2014","Thu Mar 13 09:32:47 CET 2014","120002","10007","img-post.jpg","img-post.jpg","system@vosao.org"
"aABG0000000GmbROAS","005A0000000p3ZeIAI","0","aABG0000000GmbR","2014-04-15 06:53:11","005A0000000p3ZeIAI","2014-04-15 06:53:11","005A0000000p3ZeIAI","2014-04-15 06:53:11","4401","image/png","system@vosao.org","Thu Mar 13 09:32:46 CET 2014","Thu Mar 13 09:32:46 CET 2014","Thu Mar 13 09:32:46 CET 2014","120002","100006","social_email.png","social_email.png","system@vosao.org"
"aABG0000000GmbSOAS","005A0000000p3ZeIAI","0","aABG0000000GmbS","2014-04-15 06:53:11","005A0000000p3ZeIAI","2014-04-15 06:53:11","005A0000000p3ZeIAI","2014-04-15 06:53:11","963","image/gif","system@vosao.org","Thu Mar 13 09:32:49 CET 2014","Thu Mar 13 09:32:49 CET 2014","Thu Mar 13 09:32:49 CET 2014","120002","10009","comment.gif","comment.gif","system@vosao.org"
"aABG0000000GmbTOAS","005A0000000p3ZeIAI","0","aABG0000000GmbT","2014-04-15 06:53:11","005A0000000p3ZeIAI","2014-04-15 06:53:11","005A0000000p3ZeIAI","2014-04-15 06:53:11","4642","image/png","system@vosao.org","Thu Mar 13 09:32:43 CET 2014","Thu Mar 13 09:32:43 CET 2014","Thu Mar 13 09:32:43 CET 2014","120002","110002","social_facebook.png","social_facebook.png","system@vosao.org"
