"Id","OwnerId","IsDeleted","Name","CreatedDate","CreatedById","LastModifiedDate","LastModifiedById","SystemModstamp","filechunk_modDate__c","filechunk_createDate__c","filechunk_modUserEmail__c","filechunk_fileId__c","filechunk_index__c","filechunk_createUserEmail__c","filechunk_content__c","FileChunkEntityidentifier__c"
"aAIG0000000KyjUOAS","005A0000000p3ZeIAI","0","aAIG0000000KyjU","2014-04-15 06:53:15","005A0000000p3ZeIAI","2014-04-15 06:53:15","005A0000000p3ZeIAI","2014-04-15 06:53:15","Thu Mar 13 09:32:49 CET 2014","Thu Mar 13 09:32:49 CET 2014","system@vosao.org","10009","0","system@vosao.org","<Blob: 963 bytes>","9"
"aAIG0000000KyjVOAS","005A0000000p3ZeIAI","0","aAIG0000000KyjV","2014-04-15 06:53:15","005A0000000p3ZeIAI","2014-04-15 06:53:15","005A0000000p3ZeIAI","2014-04-15 06:53:15","Thu Mar 13 09:32:42 CET 2014","Thu Mar 13 09:32:42 CET 2014","system@vosao.org","70002","0","system@vosao.org","<Blob: 1280 bytes>","80003"
"aAIG0000000KyjWOAS","005A0000000p3ZeIAI","0","aAIG0000000KyjW","2014-04-15 06:53:15","005A0000000p3ZeIAI","2014-04-15 06:53:15","005A0000000p3ZeIAI","2014-04-15 06:53:15","Thu Mar 13 09:32:45 CET 2014","Thu Mar 13 09:32:45 CET 2014","system@vosao.org","70004","0","system@vosao.org","<Blob: 723 bytes>","80005"
"aAIG0000000KyjXOAS","005A0000000p3ZeIAI","0","aAIG0000000KyjX","2014-04-15 06:53:15","005A0000000p3ZeIAI","2014-04-15 06:53:15","005A0000000p3ZeIAI","2014-04-15 06:53:15","Thu Mar 13 09:32:48 CET 2014","Thu Mar 13 09:32:48 CET 2014","system@vosao.org","40009","0","system@vosao.org","<Blob: 109 bytes>","100009"
"aAIG0000000KyjYOAS","005A0000000p3ZeIAI","0","aAIG0000000KyjY","2014-04-15 06:53:15","005A0000000p3ZeIAI","2014-04-15 06:53:15","005A0000000p3ZeIAI","2014-04-15 06:53:15","Thu Mar 13 09:32:46 CET 2014","Thu Mar 13 09:32:46 CET 2014","system@vosao.org","140003","0","system@vosao.org","<Blob: 122 bytes>","120005"
"aAIG0000000KyjZOAS","005A0000000p3ZeIAI","0","aAIG0000000KyjZ","2014-04-15 06:53:15","005A0000000p3ZeIAI","2014-04-15 06:53:15","005A0000000p3ZeIAI","2014-04-15 06:53:15","Thu Mar 13 09:32:43 CET 2014","Thu Mar 13 09:32:43 CET 2014","system@vosao.org","140001","0","system@vosao.org","<Blob: 329 bytes>","120003"
"aAIG0000000KyjaOAC","005A0000000p3ZeIAI","0","aAIG0000000Kyja","2014-04-15 06:53:15","005A0000000p3ZeIAI","2014-04-15 06:53:15","005A0000000p3ZeIAI","2014-04-15 06:53:15","Thu Mar 13 09:32:44 CET 2014","Thu Mar 13 09:32:44 CET 2014","system@vosao.org","60005","0","system@vosao.org","<Blob: 2211 bytes>","110003"
"aAIG0000000KyjbOAC","005A0000000p3ZeIAI","0","aAIG0000000Kyjb","2014-04-15 06:53:15","005A0000000p3ZeIAI","2014-04-15 06:53:15","005A0000000p3ZeIAI","2014-04-15 06:53:15","Thu Mar 13 09:32:44 CET 2014","Thu Mar 13 09:32:44 CET 2014","system@vosao.org","130002","0","system@vosao.org","<Blob: 831 bytes>","40004"
"aAIG0000000KyjcOAC","005A0000000p3ZeIAI","0","aAIG0000000Kyjc","2014-04-15 06:53:15","005A0000000p3ZeIAI","2014-04-15 06:53:15","005A0000000p3ZeIAI","2014-04-15 06:53:15","Thu Mar 13 09:32:48 CET 2014","Thu Mar 13 09:32:48 CET 2014","system@vosao.org","30007","0","system@vosao.org","<Blob: 1271 bytes>","50007"
"aAIG0000000KyjdOAC","005A0000000p3ZeIAI","0","aAIG0000000Kyjd","2014-04-15 06:53:15","005A0000000p3ZeIAI","2014-04-15 06:53:15","005A0000000p3ZeIAI","2014-04-15 06:53:15","Thu Mar 13 09:32:43 CET 2014","Thu Mar 13 09:32:43 CET 2014","system@vosao.org","50003","0","system@vosao.org","<Blob: 1401 bytes>","60004"
"aAIG0000000KyjeOAC","005A0000000p3ZeIAI","0","aAIG0000000Kyje","2014-04-15 06:53:15","005A0000000p3ZeIAI","2014-04-15 06:53:15","005A0000000p3ZeIAI","2014-04-15 06:53:15","Thu Mar 13 09:32:45 CET 2014","Thu Mar 13 09:32:45 CET 2014","system@vosao.org","50005","0","system@vosao.org","<Blob: 1118 bytes>","60006"
"aAIG0000000KyjfOAC","005A0000000p3ZeIAI","0","aAIG0000000Kyjf","2014-04-15 06:53:15","005A0000000p3ZeIAI","2014-04-15 06:53:15","005A0000000p3ZeIAI","2014-04-15 06:53:15","Thu Mar 13 09:32:44 CET 2014","Thu Mar 13 09:32:44 CET 2014","system@vosao.org","5","0","system@vosao.org","<Blob: 994 bytes>","20003"
"aAIG0000000KyjgOAC","005A0000000p3ZeIAI","0","aAIG0000000Kyjg","2014-04-15 06:53:15","005A0000000p3ZeIAI","2014-04-15 06:53:15","005A0000000p3ZeIAI","2014-04-15 06:53:15","Thu Mar 13 09:32:45 CET 2014","Thu Mar 13 09:32:45 CET 2014","system@vosao.org","120004","0","system@vosao.org","<Blob: 683 bytes>","130003"
"aAIG0000000KyjhOAC","005A0000000p3ZeIAI","0","aAIG0000000Kyjh","2014-04-15 06:53:15","005A0000000p3ZeIAI","2014-04-15 06:53:15","005A0000000p3ZeIAI","2014-04-15 06:53:15","Thu Mar 13 09:32:47 CET 2014","Thu Mar 13 09:32:47 CET 2014","system@vosao.org","120006","0","system@vosao.org","<Blob: 97 bytes>","130005"
"aAIG0000000KyjiOAC","005A0000000p3ZeIAI","0","aAIG0000000Kyji","2014-04-15 06:53:15","005A0000000p3ZeIAI","2014-04-15 06:53:15","005A0000000p3ZeIAI","2014-04-15 06:53:15","Thu Mar 13 09:32:52 CET 2014","Thu Mar 13 09:32:52 CET 2014","system@vosao.org","100012","0","system@vosao.org","<Blob: 20750 bytes>","70011"
"aAIG0000000KyjjOAC","005A0000000p3ZeIAI","0","aAIG0000000Kyjj","2014-04-15 06:53:15","005A0000000p3ZeIAI","2014-04-15 06:53:15","005A0000000p3ZeIAI","2014-04-15 06:53:15","Thu Mar 13 09:32:54 CET 2014","Thu Mar 13 09:32:54 CET 2014","system@vosao.org","60009","0","system@vosao.org","<Blob: 33960 bytes>","110008"
"aAIG0000000KyjkOAC","005A0000000p3ZeIAI","0","aAIG0000000Kyjk","2014-04-15 06:53:15","005A0000000p3ZeIAI","2014-04-15 06:53:15","005A0000000p3ZeIAI","2014-04-15 06:53:15","Thu Mar 13 09:32:46 CET 2014","Thu Mar 13 09:32:46 CET 2014","system@vosao.org","80006","0","system@vosao.org","<Blob: 44 bytes>","10006"
"aAIG0000000KyjlOAC","005A0000000p3ZeIAI","0","aAIG0000000Kyjl","2014-04-15 06:53:15","005A0000000p3ZeIAI","2014-04-15 06:53:15","005A0000000p3ZeIAI","2014-04-15 06:53:15","Thu Mar 13 09:32:48 CET 2014","Thu Mar 13 09:32:48 CET 2014","system@vosao.org","80008","0","system@vosao.org","<Blob: 3550 bytes>","10008"
"aAIG0000000KyjmOAC","005A0000000p3ZeIAI","0","aAIG0000000Kyjm","2014-04-15 06:53:15","005A0000000p3ZeIAI","2014-04-15 06:53:15","005A0000000p3ZeIAI","2014-04-15 06:53:15","Thu Mar 13 09:32:46 CET 2014","Thu Mar 13 09:32:46 CET 2014","system@vosao.org","30006","0","system@vosao.org","<Blob: 1243 bytes>","50006"
"aAIG0000000KyjnOAC","005A0000000p3ZeIAI","0","aAIG0000000Kyjn","2014-04-15 06:53:15","005A0000000p3ZeIAI","2014-04-15 06:53:15","005A0000000p3ZeIAI","2014-04-15 06:53:15","Thu Mar 13 09:32:44 CET 2014","Thu Mar 13 09:32:44 CET 2014","system@vosao.org","90004","0","system@vosao.org","<Blob: 866 bytes>","140002"
"aAIG0000000KyjoOAC","005A0000000p3ZeIAI","0","aAIG0000000Kyjo","2014-04-15 06:53:15","005A0000000p3ZeIAI","2014-04-15 06:53:15","005A0000000p3ZeIAI","2014-04-15 06:53:15","Thu Mar 13 09:32:42 CET 2014","Thu Mar 13 09:32:42 CET 2014","system@vosao.org","40003","0","system@vosao.org","<Blob: 19765 bytes>","100003"
"aAIG0000000KyjpOAC","005A0000000p3ZeIAI","0","aAIG0000000Kyjp","2014-04-15 06:53:15","005A0000000p3ZeIAI","2014-04-15 06:53:15","005A0000000p3ZeIAI","2014-04-15 06:53:15","Thu Mar 13 09:32:47 CET 2014","Thu Mar 13 09:32:47 CET 2014","system@vosao.org","90006","0","system@vosao.org","<Blob: 1823 bytes>","140004"
"aAIG0000000KyjqOAC","005A0000000p3ZeIAI","0","aAIG0000000Kyjq","2014-04-15 06:53:15","005A0000000p3ZeIAI","2014-04-15 06:53:15","005A0000000p3ZeIAI","2014-04-15 06:53:15","Thu Mar 13 09:32:46 CET 2014","Thu Mar 13 09:32:46 CET 2014","system@vosao.org","100006","0","system@vosao.org","<Blob: 4401 bytes>","70005"
"aAIG0000000KyjrOAC","005A0000000p3ZeIAI","0","aAIG0000000Kyjr","2014-04-15 06:53:15","005A0000000p3ZeIAI","2014-04-15 06:53:15","005A0000000p3ZeIAI","2014-04-15 06:53:15","Thu Mar 13 09:32:44 CET 2014","Thu Mar 13 09:32:44 CET 2014","system@vosao.org","100004","0","system@vosao.org","<Blob: 5838 bytes>","70003"
"aAIG0000000KyjsOAC","005A0000000p3ZeIAI","0","aAIG0000000Kyjs","2014-04-15 06:53:15","005A0000000p3ZeIAI","2014-04-15 06:53:15","005A0000000p3ZeIAI","2014-04-15 06:53:15","Thu Mar 13 09:32:47 CET 2014","Thu Mar 13 09:32:47 CET 2014","system@vosao.org","70006","0","system@vosao.org","<Blob: 698 bytes>","80007"
"aAIG0000000KyjtOAC","005A0000000p3ZeIAI","0","aAIG0000000Kyjt","2014-04-15 06:53:15","005A0000000p3ZeIAI","2014-04-15 06:53:15","005A0000000p3ZeIAI","2014-04-15 06:53:15","Thu Mar 13 09:32:49 CET 2014","Thu Mar 13 09:32:49 CET 2014","system@vosao.org","70008","0","system@vosao.org","<Blob: 10522 bytes>","80009"
"aAIG0000000KyjuOAC","005A0000000p3ZeIAI","0","aAIG0000000Kyju","2014-04-15 06:53:15","005A0000000p3ZeIAI","2014-04-15 06:53:15","005A0000000p3ZeIAI","2014-04-15 06:53:15","Thu Mar 13 09:32:43 CET 2014","Thu Mar 13 09:32:43 CET 2014","system@vosao.org","110002","0","system@vosao.org","<Blob: 4642 bytes>","90003"
"aAIG0000000KyjvOAC","005A0000000p3ZeIAI","0","aAIG0000000Kyjv","2014-04-15 06:53:15","005A0000000p3ZeIAI","2014-04-15 06:53:15","005A0000000p3ZeIAI","2014-04-15 06:53:15","Thu Mar 13 09:32:43 CET 2014","Thu Mar 13 09:32:43 CET 2014","system@vosao.org","10003","0","system@vosao.org","<Blob: 197 bytes>","4"
"aAIG0000000KyjwOAC","005A0000000p3ZeIAI","0","aAIG0000000Kyjw","2014-04-15 06:53:15","005A0000000p3ZeIAI","2014-04-15 06:53:15","005A0000000p3ZeIAI","2014-04-15 06:53:15","Thu Mar 13 09:32:47 CET 2014","Thu Mar 13 09:32:47 CET 2014","system@vosao.org","60007","0","system@vosao.org","<Blob: 207 bytes>","110005"
"aAIG0000000KyjxOAC","005A0000000p3ZeIAI","0","aAIG0000000Kyjx","2014-04-15 06:53:15","005A0000000p3ZeIAI","2014-04-15 06:53:15","005A0000000p3ZeIAI","2014-04-15 06:53:15","Thu Mar 13 09:32:46 CET 2014","Thu Mar 13 09:32:46 CET 2014","system@vosao.org","130004","0","system@vosao.org","<Blob: 261 bytes>","40006"
"aAIG0000000KyjyOAC","005A0000000p3ZeIAI","0","aAIG0000000Kyjy","2014-04-15 06:53:15","005A0000000p3ZeIAI","2014-04-15 06:53:15","005A0000000p3ZeIAI","2014-04-15 06:53:15","Thu Mar 13 09:32:48 CET 2014","Thu Mar 13 09:32:48 CET 2014","system@vosao.org","120007","0","system@vosao.org","<Blob: 350 bytes>","40008"
"aAIG0000000KyjzOAC","005A0000000p3ZeIAI","0","aAIG0000000Kyjz","2014-04-15 06:53:15","005A0000000p3ZeIAI","2014-04-15 06:53:15","005A0000000p3ZeIAI","2014-04-15 06:53:15","Thu Mar 13 09:32:46 CET 2014","Thu Mar 13 09:32:46 CET 2014","system@vosao.org","7","0","system@vosao.org","<Blob: 771 bytes>","20005"
"aAIG0000000Kyk0OAC","005A0000000p3ZeIAI","0","aAIG0000000Kyk0","2014-04-15 06:53:15","005A0000000p3ZeIAI","2014-04-15 06:53:15","005A0000000p3ZeIAI","2014-04-15 06:53:15","Thu Mar 13 09:32:45 CET 2014","Thu Mar 13 09:32:45 CET 2014","system@vosao.org","40005","0","system@vosao.org","<Blob: 5676 bytes>","100005"
"aAIG0000000Kyk1OAC","005A0000000p3ZeIAI","0","aAIG0000000Kyk1","2014-04-15 06:53:15","005A0000000p3ZeIAI","2014-04-15 06:53:15","005A0000000p3ZeIAI","2014-04-15 06:53:15","Thu Mar 13 09:32:47 CET 2014","Thu Mar 13 09:32:47 CET 2014","system@vosao.org","40007","0","system@vosao.org","<Blob: 1005 bytes>","100007"
"aAIG0000000Kyk2OAC","005A0000000p3ZeIAI","0","aAIG0000000Kyk2","2014-04-15 06:53:15","005A0000000p3ZeIAI","2014-04-15 06:53:15","005A0000000p3ZeIAI","2014-04-15 06:53:15","Thu Mar 13 09:32:48 CET 2014","Thu Mar 13 09:32:48 CET 2014","system@vosao.org","100008","0","system@vosao.org","<Blob: 1507 bytes>","70007"
"aAIG0000000Kyk3OAC","005A0000000p3ZeIAI","0","aAIG0000000Kyk3","2014-04-15 06:53:15","005A0000000p3ZeIAI","2014-04-15 06:53:15","005A0000000p3ZeIAI","2014-04-15 06:53:15","Thu Mar 13 09:32:46 CET 2014","Thu Mar 13 09:32:46 CET 2014","system@vosao.org","110004","0","system@vosao.org","<Blob: 6199 bytes>","90005"
"aAIG0000000Kyk4OAC","005A0000000p3ZeIAI","0","aAIG0000000Kyk4","2014-04-15 06:53:15","005A0000000p3ZeIAI","2014-04-15 06:53:15","005A0000000p3ZeIAI","2014-04-15 06:53:15","Thu Mar 13 09:32:45 CET 2014","Thu Mar 13 09:32:45 CET 2014","system@vosao.org","10005","0","system@vosao.org","<Blob: 732 bytes>","6"
"aAIG0000000Kyk5OAC","005A0000000p3ZeIAI","0","aAIG0000000Kyk5","2014-04-15 06:53:15","005A0000000p3ZeIAI","2014-04-15 06:53:15","005A0000000p3ZeIAI","2014-04-15 06:53:15","Thu Mar 13 09:32:48 CET 2014","Thu Mar 13 09:32:48 CET 2014","system@vosao.org","10007","0","system@vosao.org","<Blob: 19797 bytes>","8"
"aAIG0000000Kyk6OAC","005A0000000p3ZeIAI","0","aAIG0000000Kyk6","2014-04-15 06:53:15","005A0000000p3ZeIAI","2014-04-15 06:53:15","005A0000000p3ZeIAI","2014-04-15 06:53:15","Thu Mar 13 09:32:42 CET 2014","Thu Mar 13 09:32:42 CET 2014","system@vosao.org","120001","0","system@vosao.org","<Blob: 996 bytes>","130001"
"aAIG0000000Kyk7OAC","005A0000000p3ZeIAI","0","aAIG0000000Kyk7","2014-04-15 06:53:15","005A0000000p3ZeIAI","2014-04-15 06:53:15","005A0000000p3ZeIAI","2014-04-15 06:53:15","Thu Mar 13 09:32:45 CET 2014","Thu Mar 13 09:32:45 CET 2014","system@vosao.org","20004","0","system@vosao.org","<Blob: 947 bytes>","30005"
"aAIG0000000Kyk8OAC","005A0000000p3ZeIAI","0","aAIG0000000Kyk8","2014-04-15 06:53:15","005A0000000p3ZeIAI","2014-04-15 06:53:15","005A0000000p3ZeIAI","2014-04-15 06:53:15","Thu Mar 13 09:32:44 CET 2014","Thu Mar 13 09:32:44 CET 2014","system@vosao.org","80004","0","system@vosao.org","<Blob: 93 bytes>","10004"
"aAIG0000000Kyk9OAC","005A0000000p3ZeIAI","0","aAIG0000000Kyk9","2014-04-15 06:53:15","005A0000000p3ZeIAI","2014-04-15 06:53:15","005A0000000p3ZeIAI","2014-04-15 06:53:15","Thu Mar 13 09:32:48 CET 2014","Thu Mar 13 09:32:48 CET 2014","system@vosao.org","120008","0","system@vosao.org","<Blob: 351 bytes>","130006"
"aAIG0000000KykAOAS","005A0000000p3ZeIAI","0","aAIG0000000KykA","2014-04-15 06:53:15","005A0000000p3ZeIAI","2014-04-15 06:53:15","005A0000000p3ZeIAI","2014-04-15 06:53:15","Thu Mar 13 09:32:44 CET 2014","Thu Mar 13 09:32:44 CET 2014","system@vosao.org","30004","0","system@vosao.org","<Blob: 981 bytes>","50004"
