mimeType,modUserEmail,title,createUserEmail,createDate,filename,key,modDate,lastModifiedTime,folderId,size
image/gif,system@vosao.org,tag.gif,system@vosao.org,2014-03-13T08:32:44,tag.gif,5,2014-03-13T08:32:44,2014-03-13T08:32:44,120002,994
image/png,system@vosao.org,email_32.png,system@vosao.org,2014-03-13T08:32:46,email_32.png,7,2014-03-13T08:32:46,2014-03-13T08:32:46,120002,771
text/css,system@vosao.org,screen.css,system@vosao.org,2014-03-13T08:32:42,screen.css,10003,2014-03-13T08:32:42,2014-03-13T08:32:42,80002,197
image/png,system@vosao.org,facebook_32.png,system@vosao.org,2014-03-13T08:32:45,facebook_32.png,10005,2014-03-13T08:32:45,2014-03-13T08:32:45,120002,732
image/jpeg,system@vosao.org,img-post.jpg,system@vosao.org,2014-03-13T08:32:47,img-post.jpg,10007,2014-03-13T08:32:47,2014-03-13T08:32:47,120002,19797
image/gif,system@vosao.org,comment.gif,system@vosao.org,2014-03-13T08:32:49,comment.gif,10009,2014-03-13T08:32:49,2014-03-13T08:32:49,120002,963
image/gif,system@vosao.org,user.gif,system@vosao.org,2014-03-13T08:32:45,user.gif,20004,2014-03-13T08:32:45,2014-03-13T08:32:45,120002,947
image/png,system@vosao.org,newsvine_32.png,system@vosao.org,2014-03-13T08:32:44,newsvine_32.png,30004,2014-03-13T08:32:44,2014-03-13T08:32:44,120002,981
image/png,system@vosao.org,technorati_32.png,system@vosao.org,2014-03-13T08:32:46,technorati_32.png,30006,2014-03-13T08:32:46,2014-03-13T08:32:46,120002,1243
image/png,system@vosao.org,rss_32.png,system@vosao.org,2014-03-13T08:32:48,rss_32.png,30007,2014-03-13T08:32:48,2014-03-13T08:32:48,120002,1271
text/css,system@vosao.org,coolblue.css,system@vosao.org,2014-03-13T08:32:42,coolblue.css,40003,2014-03-13T08:32:42,2014-03-13T08:32:42,80002,19765
image/png,system@vosao.org,social_twitter.png,system@vosao.org,2014-03-13T08:32:45,social_twitter.png,40005,2014-03-13T08:32:45,2014-03-13T08:32:45,120002,5676
image/png,system@vosao.org,linkedin_32.png,system@vosao.org,2014-03-13T08:32:47,linkedin_32.png,40007,2014-03-13T08:32:47,2014-03-13T08:32:47,120002,1005
image/gif,system@vosao.org,content.gif,system@vosao.org,2014-03-13T08:32:48,content.gif,40009,2014-03-13T08:32:48,2014-03-13T08:32:48,120002,109
image/gif,system@vosao.org,search.gif,system@vosao.org,2014-03-13T08:32:43,search.gif,50003,2014-03-13T08:32:43,2014-03-13T08:32:43,120002,1401
image/jpeg,system@vosao.org,gravatar.jpg,system@vosao.org,2014-03-13T08:32:45,gravatar.jpg,50005,2014-03-13T08:32:45,2014-03-13T08:32:45,120002,1118
image/gif,system@vosao.org,date-bg.gif,system@vosao.org,2014-03-13T08:32:44,date-bg.gif,60005,2014-03-13T08:32:44,2014-03-13T08:32:44,120002,2211
image/gif,system@vosao.org,clock.gif,system@vosao.org,2014-03-13T08:32:47,clock.gif,60007,2014-03-13T08:32:47,2014-03-13T08:32:47,120002,207
image/jpeg,system@vosao.org,grass.jpg,system@vosao.org,2014-03-13T08:32:54,grass.jpg,60009,2014-03-13T08:32:54,2014-03-13T08:32:54,120012,33960
text/css,system@vosao.org,enhancements.css,system@vosao.org,2014-03-13T08:32:42,enhancements.css,70002,2014-03-13T08:32:42,2014-03-13T08:32:42,80002,1280
image/jpeg,system@vosao.org,current.jpg,system@vosao.org,2014-03-13T08:32:45,current.jpg,70004,2014-03-13T08:32:45,2014-03-13T08:32:45,120002,723
image/png,system@vosao.org,delicious_32.png,system@vosao.org,2014-03-13T08:32:47,delicious_32.png,70006,2014-03-13T08:32:47,2014-03-13T08:32:47,120002,698
image/png,system@vosao.org,header-bg.png,system@vosao.org,2014-03-13T08:32:49,header-bg.png,70008,2014-03-13T08:32:49,2014-03-13T08:32:49,120002,10522
image/gif,system@vosao.org,document.gif,system@vosao.org,2014-03-13T08:32:44,document.gif,80004,2014-03-13T08:32:44,2014-03-13T08:32:44,120002,93
image/gif,system@vosao.org,footer-line.gif,system@vosao.org,2014-03-13T08:32:46,footer-line.gif,80006,2014-03-13T08:32:46,2014-03-13T08:32:46,120002,44
image/jpeg,system@vosao.org,firefox-gray.jpg,system@vosao.org,2014-03-13T08:32:48,firefox-gray.jpg,80008,2014-03-13T08:32:48,2014-03-13T08:32:48,120002,3550
image/png,system@vosao.org,stumbleupon_32.png,system@vosao.org,2014-03-13T08:32:44,stumbleupon_32.png,90004,2014-03-13T08:32:44,2014-03-13T08:32:44,120002,866
image/jpeg,system@vosao.org,header-bg.jpg,system@vosao.org,2014-03-13T08:32:47,header-bg.jpg,90006,2014-03-13T08:32:47,2014-03-13T08:32:47,120002,1823
image/jpeg,system@vosao.org,bg.jpg,system@vosao.org,2014-03-13T08:32:44,bg.jpg,100004,2014-03-13T08:32:44,2014-03-13T08:32:44,120002,5838
image/png,system@vosao.org,social_email.png,system@vosao.org,2014-03-13T08:32:46,social_email.png,100006,2014-03-13T08:32:46,2014-03-13T08:32:46,120002,4401
image/gif,system@vosao.org,rss.gif,system@vosao.org,2014-03-13T08:32:48,rss.gif,100008,2014-03-13T08:32:48,2014-03-13T08:32:48,120002,1507
image/jpeg,system@vosao.org,snow-landscape-wallpaper.jpg,system@vosao.org,2014-03-13T08:32:52,snow-landscape-wallpaper.jpg,100012,2014-03-13T08:32:52,2014-03-13T08:32:52,10010,20750
image/png,system@vosao.org,social_facebook.png,system@vosao.org,2014-03-13T08:32:43,social_facebook.png,110002,2014-03-13T08:32:43,2014-03-13T08:32:43,120002,4642
image/png,system@vosao.org,social_rss.png,system@vosao.org,2014-03-13T08:32:45,social_rss.png,110004,2014-03-13T08:32:45,2014-03-13T08:32:45,120002,6199
text/css,system@vosao.org,reset.css,system@vosao.org,2014-03-13T08:32:41,reset.css,120001,2014-03-13T08:32:41,2014-03-13T08:32:41,80002,996
image/png,system@vosao.org,twitter_32.png,system@vosao.org,2014-03-13T08:32:45,twitter_32.png,120004,2014-03-13T08:32:45,2014-03-13T08:32:45,120002,683
image/gif,system@vosao.org,speech_bubble.gif,system@vosao.org,2014-03-13T08:32:47,speech_bubble.gif,120006,2014-03-13T08:32:47,2014-03-13T08:32:47,120002,97
image/jpeg,system@vosao.org,thumb.jpg,system@vosao.org,2014-03-13T08:32:48,thumb.jpg,120007,2014-03-13T08:32:48,2014-03-13T08:32:48,120002,350
image/gif,system@vosao.org,current.gif,system@vosao.org,2014-03-13T08:32:48,current.gif,120008,2014-03-13T08:32:48,2014-03-13T08:32:48,120002,351
image/png,system@vosao.org,digg_32.png,system@vosao.org,2014-03-13T08:32:43,digg_32.png,130002,2014-03-13T08:32:43,2014-03-13T08:32:43,120002,831
image/gif,system@vosao.org,quote.gif,system@vosao.org,2014-03-13T08:32:46,quote.gif,130004,2014-03-13T08:32:46,2014-03-13T08:32:46,120002,261
image/gif,system@vosao.org,permalink.gif,system@vosao.org,2014-03-13T08:32:43,permalink.gif,140001,2014-03-13T08:32:43,2014-03-13T08:32:43,120002,329
image/gif,system@vosao.org,bg.gif,system@vosao.org,2014-03-13T08:32:46,bg.gif,140003,2014-03-13T08:32:46,2014-03-13T08:32:46,120002,122
