name,title,createUserEmail,createDate,parentId,key,modDate,modUserEmail
form,form,guest,2014-03-13T08:32:33,30001,10002,2014-03-13T08:32:33,guest
aliquam-risus-justo,aliquam-risus-justo,system@vosao.org,2014-03-13T08:32:51,70010,10010,2014-03-13T08:32:51,system@vosao.org
/,file,guest,2014-03-13T08:32:32,,30001,2014-03-13T08:32:39,system@vosao.org
theme,Themes resources,guest,2014-03-13T08:32:32,30001,40001,2014-03-13T08:32:40,system@vosao.org
simple,Simple,guest,2014-03-13T08:32:32,40001,50001,2014-03-13T08:32:40,system@vosao.org
tmp,tmp,guest,2014-03-13T08:32:33,30001,70001,2014-03-13T08:32:33,guest
blog,blog,system@vosao.org,2014-03-13T08:32:51,90001,70010,2014-03-13T08:32:51,system@vosao.org
css,css,system@vosao.org,2014-03-13T08:32:41,100002,80002,2014-03-13T08:32:41,system@vosao.org
search,search,system@vosao.org,2014-03-13T08:32:58,90001,80015,2014-03-13T08:32:58,system@vosao.org
page,page,guest,2014-03-13T08:32:33,30001,90001,2014-03-13T08:32:51,system@vosao.org
coolblue10,coolblue10,system@vosao.org,2014-03-13T08:32:41,40001,100002,2014-03-13T08:32:41,system@vosao.org
congratulations,congratulations,system@vosao.org,2014-03-13T08:32:52,70010,110007,2014-03-13T08:32:52,system@vosao.org
images,images,system@vosao.org,2014-03-13T08:32:43,100002,120002,2014-03-13T08:32:43,system@vosao.org
lorem-ipsum-dolor-sit-amet,lorem-ipsum-dolor-sit-amet,system@vosao.org,2014-03-13T08:32:53,70010,120012,2014-03-13T08:32:53,system@vosao.org
login,login,system@vosao.org,2014-03-13T08:32:58,90001,120017,2014-03-13T08:32:58,system@vosao.org
